627200,PFcNLQ/h6KeeSjhB45p54KRaBCPIzl9iHXbKk+lpHXs=
523944,PFcNLQ/h6KeeSjhB45p54KRaBCPIzl9iHXbKk+lpHXs=
846846,PFcNLQ/h6KeeSjhB45p54KRaBCPIzl9iHXbKk+lpHXs=
830161,PFcNLQ/h6KeeSjhB45p54KRaBCPIzl9iHXbKk+lpHXs=
843686,PFcNLQ/h6KeeSjhB45p54KRaBCPIzl9iHXbKk+lpHXs=
842863,PFcNLQ/h6KeeSjhB45p54KRaBCPIzl9iHXbKk+lpHXs=
132045,PFcNLQ/h6KeeSjhB45p54KRaBCPIzl9iHXbKk+lpHXs=
845291,PFcNLQ/h6KeeSjhB45p54KRaBCPIzl9iHXbKk+lpHXs=
714143,PFcNLQ/h6KeeSjhB45p54KRaBCPIzl9iHXbKk+lpHXs=
840797,PFcNLQ/h6KeeSjhB45p54KRaBCPIzl9iHXbKk+lpHXs=
157513,PFcNLQ/h6KeeSjhB45p54KRaBCPIzl9iHXbKk+lpHXs=
844793,PFcNLQ/h6KeeSjhB45p54KRaBCPIzl9iHXbKk+lpHXs=
845877,PFcNLQ/h6KeeSjhB45p54KRaBCPIzl9iHXbKk+lpHXs=
846868,PFcNLQ/h6KeeSjhB45p54KRaBCPIzl9iHXbKk+lpHXs=
846865,PFcNLQ/h6KeeSjhB45p54KRaBCPIzl9iHXbKk+lpHXs=
844283,PFcNLQ/h6KeeSjhB45p54KRaBCPIzl9iHXbKk+lpHXs=
836738,PFcNLQ/h6KeeSjhB45p54KRaBCPIzl9iHXbKk+lpHXs=
619347,PFcNLQ/h6KeeSjhB45p54KRaBCPIzl9iHXbKk+lpHXs=
832360,PFcNLQ/h6KeeSjhB45p54KRaBCPIzl9iHXbKk+lpHXs=
836448,PFcNLQ/h6KeeSjhB45p54KRaBCPIzl9iHXbKk+lpHXs=
823913,PFcNLQ/h6KeeSjhB45p54KRaBCPIzl9iHXbKk+lpHXs=
846706,PFcNLQ/h6KeeSjhB45p54KRaBCPIzl9iHXbKk+lpHXs=
844753,PFcNLQ/h6KeeSjhB45p54KRaBCPIzl9iHXbKk+lpHXs=
680818,PFcNLQ/h6KeeSjhB45p54KRaBCPIzl9iHXbKk+lpHXs=
845015,PFcNLQ/h6KeeSjhB45p54KRaBCPIzl9iHXbKk+lpHXs=
845482,PFcNLQ/h6KeeSjhB45p54KRaBCPIzl9iHXbKk+lpHXs=
842761,PFcNLQ/h6KeeSjhB45p54KRaBCPIzl9iHXbKk+lpHXs=
838883,PFcNLQ/h6KeeSjhB45p54KRaBCPIzl9iHXbKk+lpHXs=
843364,PFcNLQ/h6KeeSjhB45p54KRaBCPIzl9iHXbKk+lpHXs=
840953,PFcNLQ/h6KeeSjhB45p54KRaBCPIzl9iHXbKk+lpHXs=
845909,PFcNLQ/h6KeeSjhB45p54KRaBCPIzl9iHXbKk+lpHXs=
432941,PFcNLQ/h6KeeSjhB45p54KRaBCPIzl9iHXbKk+lpHXs=
846178,PFcNLQ/h6KeeSjhB45p54KRaBCPIzl9iHXbKk+lpHXs=
845072,PFcNLQ/h6KeeSjhB45p54KRaBCPIzl9iHXbKk+lpHXs=
845152,PFcNLQ/h6KeeSjhB45p54KRaBCPIzl9iHXbKk+lpHXs=
792676,PFcNLQ/h6KeeSjhB45p54KRaBCPIzl9iHXbKk+lpHXs=
843563,PFcNLQ/h6KeeSjhB45p54KRaBCPIzl9iHXbKk+lpHXs=
582418,PFcNLQ/h6KeeSjhB45p54KRaBCPIzl9iHXbKk+lpHXs=
844816,PFcNLQ/h6KeeSjhB45p54KRaBCPIzl9iHXbKk+lpHXs=
846622,PFcNLQ/h6KeeSjhB45p54KRaBCPIzl9iHXbKk+lpHXs=
662018,PFcNLQ/h6KeeSjhB45p54KRaBCPIzl9iHXbKk+lpHXs=
593915,PFcNLQ/h6KeeSjhB45p54KRaBCPIzl9iHXbKk+lpHXs=
442380,PFcNLQ/h6KeeSjhB45p54KRaBCPIzl9iHXbKk+lpHXs=
845081,PFcNLQ/h6KeeSjhB45p54KRaBCPIzl9iHXbKk+lpHXs=
845269,PFcNLQ/h6KeeSjhB45p54KRaBCPIzl9iHXbKk+lpHXs=
803218,PFcNLQ/h6KeeSjhB45p54KRaBCPIzl9iHXbKk+lpHXs=
844492,PFcNLQ/h6KeeSjhB45p54KRaBCPIzl9iHXbKk+lpHXs=
843357,PFcNLQ/h6KeeSjhB45p54KRaBCPIzl9iHXbKk+lpHXs=
807826,PFcNLQ/h6KeeSjhB45p54KRaBCPIzl9iHXbKk+lpHXs=
846104,PFcNLQ/h6KeeSjhB45p54KRaBCPIzl9iHXbKk+lpHXs=
362665,PFcNLQ/h6KeeSjhB45p54KRaBCPIzl9iHXbKk+lpHXs=
843188,PFcNLQ/h6KeeSjhB45p54KRaBCPIzl9iHXbKk+lpHXs=
649451,PFcNLQ/h6KeeSjhB45p54KRaBCPIzl9iHXbKk+lpHXs=
844452,PFcNLQ/h6KeeSjhB45p54KRaBCPIzl9iHXbKk+lpHXs=
843160,PFcNLQ/h6KeeSjhB45p54KRaBCPIzl9iHXbKk+lpHXs=
690323,PFcNLQ/h6KeeSjhB45p54KRaBCPIzl9iHXbKk+lpHXs=
832190,PFcNLQ/h6KeeSjhB45p54KRaBCPIzl9iHXbKk+lpHXs=
374841,PFcNLQ/h6KeeSjhB45p54KRaBCPIzl9iHXbKk+lpHXs=
845251,PFcNLQ/h6KeeSjhB45p54KRaBCPIzl9iHXbKk+lpHXs=
845863,PFcNLQ/h6KeeSjhB45p54KRaBCPIzl9iHXbKk+lpHXs=
825309,PFcNLQ/h6KeeSjhB45p54KRaBCPIzl9iHXbKk+lpHXs=
630205,PFcNLQ/h6KeeSjhB45p54KRaBCPIzl9iHXbKk+lpHXs=
845490,PFcNLQ/h6KeeSjhB45p54KRaBCPIzl9iHXbKk+lpHXs=
842999,PFcNLQ/h6KeeSjhB45p54KRaBCPIzl9iHXbKk+lpHXs=
682829,PFcNLQ/h6KeeSjhB45p54KRaBCPIzl9iHXbKk+lpHXs=
824894,PFcNLQ/h6KeeSjhB45p54KRaBCPIzl9iHXbKk+lpHXs=
845472,PFcNLQ/h6KeeSjhB45p54KRaBCPIzl9iHXbKk+lpHXs=
841672,PFcNLQ/h6KeeSjhB45p54KRaBCPIzl9iHXbKk+lpHXs=
323298,PFcNLQ/h6KeeSjhB45p54KRaBCPIzl9iHXbKk+lpHXs=
845957,PFcNLQ/h6KeeSjhB45p54KRaBCPIzl9iHXbKk+lpHXs=
846905,PFcNLQ/h6KeeSjhB45p54KRaBCPIzl9iHXbKk+lpHXs=
844339,PFcNLQ/h6KeeSjhB45p54KRaBCPIzl9iHXbKk+lpHXs=
844614,PFcNLQ/h6KeeSjhB45p54KRaBCPIzl9iHXbKk+lpHXs=
841123,PFcNLQ/h6KeeSjhB45p54KRaBCPIzl9iHXbKk+lpHXs=
821191,PFcNLQ/h6KeeSjhB45p54KRaBCPIzl9iHXbKk+lpHXs=
814524,PFcNLQ/h6KeeSjhB45p54KRaBCPIzl9iHXbKk+lpHXs=
302579,PFcNLQ/h6KeeSjhB45p54KRaBCPIzl9iHXbKk+lpHXs=
839762,PFcNLQ/h6KeeSjhB45p54KRaBCPIzl9iHXbKk+lpHXs=
842923,PFcNLQ/h6KeeSjhB45p54KRaBCPIzl9iHXbKk+lpHXs=
463212,PFcNLQ/h6KeeSjhB45p54KRaBCPIzl9iHXbKk+lpHXs=
823433,PFcNLQ/h6KeeSjhB45p54KRaBCPIzl9iHXbKk+lpHXs=
843886,PFcNLQ/h6KeeSjhB45p54KRaBCPIzl9iHXbKk+lpHXs=
173476,PFcNLQ/h6KeeSjhB45p54KRaBCPIzl9iHXbKk+lpHXs=
845809,PFcNLQ/h6KeeSjhB45p54KRaBCPIzl9iHXbKk+lpHXs=
321535,PFcNLQ/h6KeeSjhB45p54KRaBCPIzl9iHXbKk+lpHXs=
131913,PFcNLQ/h6KeeSjhB45p54KRaBCPIzl9iHXbKk+lpHXs=
843010,PFcNLQ/h6KeeSjhB45p54KRaBCPIzl9iHXbKk+lpHXs=
844213,PFcNLQ/h6KeeSjhB45p54KRaBCPIzl9iHXbKk+lpHXs=
836583,PFcNLQ/h6KeeSjhB45p54KRaBCPIzl9iHXbKk+lpHXs=
730537,PFcNLQ/h6KeeSjhB45p54KRaBCPIzl9iHXbKk+lpHXs=
847162,PFcNLQ/h6KeeSjhB45p54KRaBCPIzl9iHXbKk+lpHXs=
831312,PFcNLQ/h6KeeSjhB45p54KRaBCPIzl9iHXbKk+lpHXs=
800024,PFcNLQ/h6KeeSjhB45p54KRaBCPIzl9iHXbKk+lpHXs=
435984,PFcNLQ/h6KeeSjhB45p54KRaBCPIzl9iHXbKk+lpHXs=
846417,PFcNLQ/h6KeeSjhB45p54KRaBCPIzl9iHXbKk+lpHXs=
846629,PFcNLQ/h6KeeSjhB45p54KRaBCPIzl9iHXbKk+lpHXs=
845239,PFcNLQ/h6KeeSjhB45p54KRaBCPIzl9iHXbKk+lpHXs=
846484,PFcNLQ/h6KeeSjhB45p54KRaBCPIzl9iHXbKk+lpHXs=
832275,PFcNLQ/h6KeeSjhB45p54KRaBCPIzl9iHXbKk+lpHXs=
250634,PFcNLQ/h6KeeSjhB45p54KRaBCPIzl9iHXbKk+lpHXs=